fecha,proyecto_id,token_address,tokens,importe_eur,eur_usd,importe_usd,divisa_pago,vendedor,comprador,tx_hash,origen_importe,origen_tokens
2025-11-07,CLVM-2,0xfd0ea97747f7b1a53ec59ef5001616cde3aead3e,4.13,413.0,1.1561,477.47,EUR,inv_76a39cba,inv_c346006a,,registro,cadena
2025-11-07,MIA-1,0x2f1026ff5bd94232050364c81d61a2d15e147209,5.7608993,497.83,1.1561,575.54,EUR,inv_76a39cba,inv_c346006a,,registro,cadena
2025-11-07,JAX-3,0x9c09c8525c5baa3b254cb0a60d3565cfbd5c9f28,0.37542683,32.44,1.1561,37.5,EUR,inv_76a39cba,inv_c346006a,,registro,cadena
2025-11-07,JAX-5,0xd48b1f302c8eb4a0f691fde99deaa9316d67a7db,0.12251238,10.59,1.1561,12.24,EUR,inv_76a39cba,inv_c346006a,,registro,cadena
2025-11-07,MIA-3,0xb0825e7a4093d21ed076883f8aca33300631291e,0.27146005,23.46,1.1561,27.12,EUR,inv_76a39cba,inv_c346006a,,registro,cadena
2025-11-07,MLG-8,0x29fdc3434576e188e8131b2ad9cf94d3b3e71f56,0.11759267,11.76,1.1561,13.6,EUR,inv_76a39cba,inv_c346006a,,registro,cadena
2025-11-07,RDO-6,0x093984f85f980479172fb96982f79c418ac730f7,11.7183,1012.63,1.1561,1170.7,EUR,inv_76a39cba,inv_c346006a,,registro,cadena
2025-11-07,MAD-3,0x7a7e4dd51d1ca1aa701b0eb76ba5f59cec2fbaa1,0.73654959,73.65,1.1561,85.15,EUR,inv_76a39cba,inv_c346006a,,registro,cadena
2025-11-07,PRO-100,0xcc4c1ce8d335bd40a0acf17b9ab08c030cc299aa,1.73147204,149.62,1.1561,172.98,EUR,inv_76a39cba,inv_c346006a,,registro,cadena
2025-11-07,RET-1,0xc48b58aae1fb770a8655e44de960eb7dc84a5de9,0.13065723,13.07,1.1561,15.11,EUR,inv_76a39cba,inv_c346006a,,registro,cadena
2025-11-19,DXB-1,0xe59dde10d38df397c996bdb1325b6f81684a8b80,100.0,,,10300.0,USD,inv_5d4d8114,inv_c346006a,,registro,cadena
2025-11-20,VLC-12,0x8a96bf9aa5812ce957aed1f554065b64a545c88a,50.0,,,5934.71,USD,inv_5d4d8114,inv_c346006a,,registro,cadena
2025-11-21,PAZ-1,0xf8657256c5cd5fdb044e55d1ec39e9b8c969dbf1,334.95,,,34500.0,USD,inv_be24eee0,inv_c346006a,,registro,cadena
2025-11-27,PRO-100,0xcc4c1ce8d335bd40a0acf17b9ab08c030cc299aa,60.0,,,5880.0,USD,inv_b26d3893,inv_c346006a,,registro,cadena
2025-11-27,RET-1,0xc48b58aae1fb770a8655e44de960eb7dc84a5de9,90.0,8820.0,1.1586,10218.85,EUR,inv_b26d3893,inv_c346006a,,registro,cadena
2025-11-28,MIA-1,0x2f1026ff5bd94232050364c81d61a2d15e147209,1.0,,,100.0,USD,inv_190c7331,inv_c346006a,,registro,cadena
2025-11-28,MIA-1,0x2f1026ff5bd94232050364c81d61a2d15e147209,49.0,,,4900.0,USD,inv_190c7331,inv_c346006a,,registro,cadena
2025-12-01,PAZ-1,0xf8657256c5cd5fdb044e55d1ec39e9b8c969dbf1,337.2,,,34731.6,USD,inv_be24eee0,inv_c346006a,,registro,cadena
2025-12-01,YCT-1,0xaaad2db2f624dc5a350d579d834b5fe12b2bcd8d,190.46698787,16370.18,1.1646,19064.71,EUR,inv_2ad4c3df,inv_c346006a,,registro,cadena
2025-12-01,RET-1,0xc48b58aae1fb770a8655e44de960eb7dc84a5de9,14.23004365,1423.0,1.1646,1657.23,EUR,inv_2ad4c3df,inv_c346006a,,registro,cadena
2025-12-01,OVD-1,0xac6b91d535bdedb731045ed823d2a6c3ad5b5177,25.0,2500.0,1.1646,2911.5,EUR,inv_2ad4c3df,inv_c346006a,,registro,cadena
2025-12-01,MLG-8,0x29fdc3434576e188e8131b2ad9cf94d3b3e71f56,43.48935571,4348.94,1.1646,5064.78,EUR,inv_2ad4c3df,inv_c346006a,,registro,cadena
2025-12-01,MLG-7,0xb45898179fe8de2818e3ff994559c60aa962e2af,1.104e-05,0.0,1.1646,0.0,EUR,inv_2ad4c3df,inv_c346006a,,registro,cadena
2025-12-01,MLG-6,0xaca38d593f7775334fa1b84a865f19396f62f760,9.86526311,986.53,1.1646,1148.91,EUR,inv_2ad4c3df,inv_c346006a,,registro,cadena
2025-12-03,DXB-1,0xe59dde10d38df397c996bdb1325b6f81684a8b80,12.0,1008.17,1.1668,1176.33,EUR,inv_b26d3893,inv_c346006a,,registro,cadena
2025-12-05,DXB-1,0xe59dde10d38df397c996bdb1325b6f81684a8b80,101.046,,,10205.66,USD,inv_5d4d8114,inv_c346006a,,registro,texto (escala por precio)
2025-12-05,MIA-1,0x2f1026ff5bd94232050364c81d61a2d15e147209,60.0,,,6000.0,USD,inv_190c7331,inv_c346006a,,registro,registro (cadena incoherente)
2025-12-10,NAN,,,1224.669,1.1634,1424.78,EUR,inv_5a4e94a6,inv_c346006a,,registro,no disponible
2025-12-11,MIA-1,0x2f1026ff5bd94232050364c81d61a2d15e147209,37.0,,,3700.0,USD,inv_190c7331,inv_c346006a,,registro,cadena
2026-01-08,JAX-5,0xd48b1f302c8eb4a0f691fde99deaa9316d67a7db,100.0,8558.71,1.1675,9992.29,EUR,inv_0dcab146,inv_c346006a,,registro,cadena
2026-01-08,MRB-1,0x4adaee2dae690cf8f3915f1c1963f16d239c5e11,250.0,25000.0,1.1675,29187.5,EUR,inv_0dcab146,inv_c346006a,,registro,cadena
2026-01-12,MIA-1,0x2f1026ff5bd94232050364c81d61a2d15e147209,109.0,9362.65,1.1692,10946.81,EUR,inv_f5a7aa81,inv_c346006a,,registro,cadena
2026-01-12,ATL-1,0x68f73061bdf369c2562f4c0ea4e940f362d1a97f,9.79018644,840.9,1.1692,983.18,EUR,inv_f5a7aa81,inv_c346006a,,registro,cadena
2026-01-12,CMY-1,0xe6e3ff145a6ffcd1dac08472f89164c0c43316b2,25.40030662,2181.75,1.1692,2550.9,EUR,inv_f5a7aa81,inv_c346006a,,registro,cadena
2026-01-12,CME-1,0x243e4bacc4b4d61b87816c945544286eb29125c6,27.27649091,2727.65,1.1692,3189.17,EUR,inv_f5a7aa81,inv_c346006a,,registro,cadena
2026-01-12,MLG-2,0x7f6b82381bce03e7cf6af2fb1dcd41993406d4ae,98.8705,9887.05,1.1692,11559.94,EUR,0x33a436d170ec2cd1c8f9ebceb63ffa81e6e7816,inv_c346006a,,registro,cadena
2026-02-03,MIA-1,0x2f1026ff5bd94232050364c81d61a2d15e147209,164.37208776,16437.20878,1.1801,19397.55,EUR,inv_9aa3e515,inv_c346006a,,registro,cadena
2026-03-03,PRO-100,0xcc4c1ce8d335bd40a0acf17b9ab08c030cc299aa,11.553,994.8,1.1606,1154.56,EUR,inv_bca7760e,inv_c346006a,,registro,cadena
2026-03-19,ABD-1,0x754f5b74e2639cef67fecec03f4d698470bdc92f,59.84,,,5984.0,USD,inv_3022dbcf,inv_c346006a,,registro,cadena
2026-03-24,LVT-2,0xdfd7413a5d54d96312109a9d56b3bead8a786ff3,86.54813049,,,10000.0,USD,inv_d4ad55c5,inv_c346006a,,registro,cadena
2026-04-08,MLG-8,0x29fdc3434576e188e8131b2ad9cf94d3b3e71f56,7.28089879,655.2808907,1.1706,767.07,EUR,inv_617300bd,inv_c346006a,,registro,cadena
2026-04-08,MRB-1,0x4adaee2dae690cf8f3915f1c1963f16d239c5e11,4.78296371,430.4667341,1.1706,503.9,EUR,inv_617300bd,inv_c346006a,,registro,cadena
2026-04-08,MAD-3,0x7a7e4dd51d1ca1aa701b0eb76ba5f59cec2fbaa1,1.27987914,115.1891226,1.1706,134.84,EUR,inv_617300bd,inv_c346006a,,registro,cadena
2026-04-08,MIA-3,0xb0825e7a4093d21ed076883f8aca33300631291e,8.12425127,624.9424054,1.1706,731.56,EUR,inv_617300bd,inv_c346006a,,registro,cadena
2026-04-08,BKL-2,0xed923b814f1ea3d42c54dda55ba8edfaba994489,60.9174,4685.953846,1.1706,5485.38,EUR,inv_617300bd,inv_c346006a,,registro,cadena
2026-04-08,PAZ-1,0xf8657256c5cd5fdb044e55d1ec39e9b8c969dbf1,42.10098735,3238.537489,1.1706,3791.03,EUR,inv_617300bd,inv_c346006a,,registro,cadena
2026-04-08,VLC-11,0x6bde5421e90a42c6e78faaf3a79e4310a4d6266f,8.48711368,763.8402312,1.1706,894.15,EUR,inv_617300bd,inv_c346006a,,registro,cadena
2026-04-24,DXB-2,0x46182d6937ed8cf2707e187b61b654e8ca59c7b5,58.47,5847.0,1.1712,6848.01,EUR,inv_1ae50871,inv_c346006a,,registro,cadena
2026-04-28,CDS-1,0x5ab768c8ca1cc20cb8ec7b90554a3b12524b6c47,500.0,70278.0,1.168,82084.7,EUR,inv_5c88b770,inv_c346006a,,registro,cadena
2026-04-29,DXB-2,0x46182d6937ed8cf2707e187b61b654e8ca59c7b5,58.4,5840.0,1.1706,6836.3,EUR,inv_1ae50871,inv_c346006a,,registro,cadena
2026-05-05,DXB-2,0x46182d6937ed8cf2707e187b61b654e8ca59c7b5,100.44,,,10044.0,USD,inv_1ae50871,inv_c346006a,,registro,cadena
2026-05-11,LVT-2,0xdfd7413a5d54d96312109a9d56b3bead8a786ff3,40.0,4000.0,1.1765,4706.0,EUR,inv_80375ef0,inv_c346006a,,registro,cadena
2026-05-11,RET-2,0x7cb85443eab0851d9b4558db23e1026af07c700d,10.0,1000.0,1.1765,1176.5,EUR,inv_80375ef0,inv_c346006a,,registro,cadena
2026-05-11,CME-1,0x243e4bacc4b4d61b87816c945544286eb29125c6,50.0,5000.0,1.1765,5882.5,EUR,inv_80375ef0,inv_c346006a,,registro,cadena
2026-05-13,ABD-1,0x754f5b74e2639cef67fecec03f4d698470bdc92f,65.0,6500.0,1.1715,7614.75,EUR,inv_b618758a,inv_c346006a,,registro,cadena
2025-06-03,BKL-3,0x70e77c5f094534505d6a42f913d3a387e6db0842,60.0,5311.05,1.1386,6047.16,EUR,inv_3db5e783,inv_df9fa26b,,registro,cadena
2025-06-03,GRX-3,0x2a8bbc241849431e9cc7c4dbea9c05dfac2de553,29.94342341,2994.34,1.1386,3409.36,EUR,inv_14e385da,inv_46967523,,registro,cadena
2025-06-05,VLC-10,0xa17e89f33e80b506af759f9e493efe29a47ea905,8.62797569,862.8,1.1423,985.58,EUR,inv_cb1a2b17,inv_3db5e783,,registro,cadena
2025-06-05,VLC-9,0x1b0d685f5e4063033e0a1a360db864c9911eedda,5.0,500.0,1.1423,571.15,EUR,inv_cb1a2b17,inv_3db5e783,,registro,cadena
2025-06-05,VLC-8,0x6b7c34c8a1ffd4238e702243f0ff005680037fad,5.50403592,550.4,1.1423,628.72,EUR,inv_cb1a2b17,inv_3db5e783,,registro,cadena
2025-06-05,PAZ-1,0xf8657256c5cd5fdb044e55d1ec39e9b8c969dbf1,13.26724162,1153.67,1.1423,1317.84,EUR,inv_cb1a2b17,inv_46967523,,registro,cadena
2025-06-05,CDS-1,0x5ab768c8ca1cc20cb8ec7b90554a3b12524b6c47,1.57481948,157.48,1.1423,179.89,EUR,inv_cb1a2b17,inv_46967523,,registro,cadena
2025-06-05,BKL-1,0xfb759e0cc5cff4aea606064acd41c71c7c11bf40,4.43832794,385.94,1.1423,440.86,EUR,inv_cb1a2b17,inv_46967523,,registro,cadena
2025-06-05,MRB-1,0x4adaee2dae690cf8f3915f1c1963f16d239c5e11,9.45546077,945.55,1.1423,1080.1,EUR,inv_cb1a2b17,inv_46967523,,registro,cadena
2025-06-05,BKL-2,0xed923b814f1ea3d42c54dda55ba8edfaba994489,1.80038568,156.56,1.1423,178.84,EUR,inv_cb1a2b17,inv_46967523,,registro,cadena
2025-06-05,HOU-1,0xf090b60f731583288e8c7c9d9a80680e35bd63e0,8.2128,714.16,1.1423,815.78,EUR,inv_cb1a2b17,inv_46967523,,registro,cadena
2025-06-05,HOU-2,0xe56ff2dff2c2e95511f0bef4b3d92da05e8197c0,5.1465,447.52,1.1423,511.2,EUR,inv_cb1a2b17,inv_46967523,,registro,cadena
2025-06-05,MAD-3,0x7a7e4dd51d1ca1aa701b0eb76ba5f59cec2fbaa1,0.69064191,69.06,1.1423,78.89,EUR,inv_cb1a2b17,inv_46967523,,registro,cadena
2025-06-06,MLG-7,0xb45898179fe8de2818e3ff994559c60aa962e2af,50.0,5000.0,1.1411,5705.5,EUR,inv_b962944c,inv_3db5e783,,registro,cadena
2025-06-09,GRX-3,0x2a8bbc241849431e9cc7c4dbea9c05dfac2de553,35.36698118,3536.7,1.141,4035.37,EUR,inv_30830714,inv_46967523,,registro,cadena
2025-06-10,CDP-3,0x7469b9381bfa8a34bef9dfaad03d75f60947f957,50.0,5000.0,1.1429,5714.5,EUR,inv_b962944c,inv_3db5e783,,registro,cadena
2025-06-10,MLG-3,0xe7d35f9248ea53943765928c0d9dc027a0129f28,50.0,5000.0,1.1429,5714.5,EUR,inv_b962944c,inv_3db5e783,,registro,cadena
2025-06-10,MAD-3,0x7a7e4dd51d1ca1aa701b0eb76ba5f59cec2fbaa1,50.0,5000.0,1.1429,5714.5,EUR,inv_b962944c,inv_46967523,,registro,cadena
2025-06-10,MLG-7,0xb45898179fe8de2818e3ff994559c60aa962e2af,51.20988817,5120.99,1.1429,5852.78,EUR,inv_3db5e783,inv_a9603d7a,,registro,cadena
2025-06-10,MAD-3,0x7a7e4dd51d1ca1aa701b0eb76ba5f59cec2fbaa1,100.0,10000.0,1.1429,11429.0,EUR,inv_c6270cc0,inv_a9603d7a,,registro,cadena
2025-06-10,ATL-1,0x68f73061bdf369c2562f4c0ea4e940f362d1a97f,61.0,5312.66,1.1429,6071.84,EUR,inv_c6270cc0,inv_a9603d7a,,registro,cadena
2025-06-10,HOU-3,0xe16901dad396fe7b1b77b6d2bd91b2d648e8a762,181.0,15763.8,1.1429,18016.45,EUR,inv_c6270cc0,inv_a9603d7a,,registro,cadena
2025-06-10,SLA-2,0x8eeb57505999d3092c7b00ad5a5e53b943ad235d,45.9,3997.56,1.1429,4568.81,EUR,inv_c6270cc0,inv_a9603d7a,,registro,cadena
2025-06-10,BPT-1,0x55cb210f496df649fd283aa93a360e24fdb40964,58.4468,5090.3,1.1429,5817.7,EUR,inv_46967523,inv_a9603d7a,,registro,cadena
2025-06-10,YCT-1,0xaaad2db2f624dc5a350d579d834b5fe12b2bcd8d,2.2774,200.0,1.1429,228.58,EUR,inv_46967523,inv_d7e26c69,,registro,cadena
2025-06-10,CDS-1,0x5ab768c8ca1cc20cb8ec7b90554a3b12524b6c47,19.17301969,2170.9,1.1429,2481.12,EUR,inv_be24eee0,inv_c6270cc0,,registro,cadena
2025-06-11,BPT-1,0x55cb210f496df649fd283aa93a360e24fdb40964,195.0,19500.0,1.1433,22294.35,EUR,inv_c6270cc0,inv_715651a1,,precio de emisión,cadena
2025-06-11,BPT-1,0x55cb210f496df649fd283aa93a360e24fdb40964,47.16432035,4716.43,1.1433,5392.29,EUR,inv_715651a1,inv_c6270cc0,,precio de emisión,cadena
2025-06-12,MAD-3,0x7a7e4dd51d1ca1aa701b0eb76ba5f59cec2fbaa1,25.0,5000.0,1.1594,5797.0,EUR,inv_46967523,inv_27e145e9,,registro,cadena (lote repartido)
2025-06-12,MAD-3,0x7a7e4dd51d1ca1aa701b0eb76ba5f59cec2fbaa1,25.0,5000.0,1.1594,5797.0,EUR,inv_c6270cc0,inv_27e145e9,,registro,cadena (lote repartido)
2025-06-12,CLVM-1,0x6da0652a8481a774f5164612ab0ab18f105ad243,86.7,8670.0,1.1594,10052.0,EUR,inv_3db5e783,inv_27e145e9,,registro,cadena
2025-06-12,BPT-1,0x55cb210f496df649fd283aa93a360e24fdb40964,8.91941265,786.2,1.1594,911.52,EUR,inv_46967523,inv_27e145e9,,registro,cadena
2025-06-12,BPT-1,0x55cb210f496df649fd283aa93a360e24fdb40964,41.08058736,3621.03,1.1594,4198.22,EUR,inv_c6270cc0,inv_27e145e9,,registro,cadena
2025-06-12,TLM-2,0x3b7455335fc7c3839167ed8fc173405908ffdf15,15.75004549,1575.0,1.1594,1826.06,EUR,inv_3db5e783,inv_27e145e9,,registro,cadena
2025-06-12,SMA-1,0x49b8f29f17a27ae89121642838e37bc8ce77d2f2,12.85334429,1132.95,1.1594,1313.54,EUR,inv_46967523,inv_27e145e9,,registro,cadena
2025-06-12,SLA-2,0x8eeb57505999d3092c7b00ad5a5e53b943ad235d,100.0,8814.46,1.1594,10219.48,EUR,inv_c6270cc0,inv_27e145e9,,registro,cadena
2025-06-12,CLVM-1,0x6da0652a8481a774f5164612ab0ab18f105ad243,50.0,5000.0,1.1594,5797.0,EUR,inv_3db5e783,inv_718d6c31,,registro,cadena
2025-06-12,SLA-2,0x8eeb57505999d3092c7b00ad5a5e53b943ad235d,50.0,4377.13,1.1594,5074.84,EUR,inv_c6270cc0,inv_718d6c31,,registro,cadena
2025-06-12,SMA-2,0xca53dd67cfa553d9e31c377602fb217dff9eadff,16.90588913,1479.99,1.1594,1715.9,EUR,inv_46967523,inv_718d6c31,,registro,cadena
2025-06-13,MAD-3,0x7a7e4dd51d1ca1aa701b0eb76ba5f59cec2fbaa1,99.46928813,9946.93,1.1512,11450.91,EUR,inv_c6270cc0,inv_9fa82300,,registro,cadena
2025-06-13,SLA-2,0x8eeb57505999d3092c7b00ad5a5e53b943ad235d,100.0,8753.5,1.1512,10077.03,EUR,inv_c6270cc0,inv_9fa82300,,registro,cadena
2025-06-13,YCT-1,0xaaad2db2f624dc5a350d579d834b5fe12b2bcd8d,63.0,5514.71,1.1512,6348.53,EUR,inv_c6270cc0,inv_9fa82300,,registro,cadena
2025-06-13,YCT-1,0xaaad2db2f624dc5a350d579d834b5fe12b2bcd8d,3.04572524,266.61,1.1512,306.92,EUR,inv_46967523,inv_9fa82300,,registro,cadena
2025-06-13,AZN-1,0x74ff5b71c043645cede9caca31a693f8cf819fb5,9.0,787.82,1.1512,906.94,EUR,inv_c6270cc0,inv_9fa82300,,registro,cadena
2025-06-13,MLG-2,0x7f6b82381bce03e7cf6af2fb1dcd41993406d4ae,28.51454018,2851.45,1.1512,3282.59,EUR,inv_3db5e783,inv_9fa82300,,registro,cadena
2025-06-13,MLG-3,0xe7d35f9248ea53943765928c0d9dc027a0129f28,50.0,5000.0,1.1512,5756.0,EUR,inv_3db5e783,inv_9fa82300,,registro,cadena
2025-06-13,CDP-3,0x7469b9381bfa8a34bef9dfaad03d75f60947f957,50.0,5000.0,1.1512,5756.0,EUR,inv_3db5e783,inv_9fa82300,,registro,cadena
2025-06-16,SVQ-4,0xa1bf01d5fdb5ae190853f49585eea6c910eb8937,1.97974269,197.97,1.1574,229.13,EUR,inv_3db5e783,inv_d973f11b,,registro,cadena
2025-06-16,SVQ-5,0xfd81b5f560700652b1bf73e26662ec4df1469ae3,0.21207515,21.21,1.1574,24.55,EUR,inv_3db5e783,inv_d973f11b,,registro,cadena
2025-06-16,SVQ-6,0xfc5e219788a953ad8e71c3b7cb9484695e7f028e,4.84211233,484.21,1.1574,560.42,EUR,inv_3db5e783,inv_d973f11b,,registro,cadena
2025-06-16,VLC-1,0xe27f1e1d5ef28f560cbd9500342b24dd989635d2,6.834937,683.49,1.1574,791.07,EUR,inv_3db5e783,inv_d973f11b,,registro,cadena
2025-06-17,BPT-1,0x55cb210f496df649fd283aa93a360e24fdb40964,6.08373299,524.79,1.1568,607.08,EUR,inv_c6270cc0,inv_4b22da68,,registro,cadena
2025-06-18,CDS-1,0x5ab768c8ca1cc20cb8ec7b90554a3b12524b6c47,267.593,30788.06,1.1508,35430.9,EUR,inv_0954bf2d,inv_46967523,,registro,cadena
2025-06-24,VLC-12,0x8a96bf9aa5812ce957aed1f554065b64a545c88a,30.1443094,3014.43,1.1607,3498.85,EUR,inv_7a04f164,inv_46967523,,registro,cadena
2025-06-26,CLVM-1,0x6da0652a8481a774f5164612ab0ab18f105ad243,50.0,5000.0,1.1695,5847.5,EUR,inv_3db5e783,inv_9fa82300,,registro,cadena
2025-06-26,SHL-1,0x7aa21fabd73e8d3aa5d5c5994af6b62cfcea3fe4,20.0,2000.0,1.1695,2339.0,EUR,inv_3db5e783,inv_9fa82300,,registro,cadena
2025-06-26,VLC-8,0x6b7c34c8a1ffd4238e702243f0ff005680037fad,30.0,3000.0,1.1695,3508.5,EUR,inv_3db5e783,inv_9fa82300,,registro,cadena
2025-06-27,CLVM-1,0x6da0652a8481a774f5164612ab0ab18f105ad243,50.0,5000.0,1.1704,5852.0,EUR,inv_9fa82300,inv_3db5e783,,registro,cadena
2025-06-27,SHL-1,0x7aa21fabd73e8d3aa5d5c5994af6b62cfcea3fe4,20.0,2000.0,1.1704,2340.8,EUR,inv_9fa82300,inv_3db5e783,,registro,cadena
2025-06-27,VLC-8,0x6b7c34c8a1ffd4238e702243f0ff005680037fad,30.0,3000.0,1.1704,3511.2,EUR,inv_9fa82300,inv_3db5e783,,registro,cadena
2025-07-01,CLVM-1,0x6da0652a8481a774f5164612ab0ab18f105ad243,39.76672984,3976.67,1.181,4696.45,EUR,inv_3487ad36,inv_3db5e783,,registro,cadena
2025-07-01,CDP-3,0x7469b9381bfa8a34bef9dfaad03d75f60947f957,17.3755,1737.55,1.181,2052.05,EUR,inv_3487ad36,inv_3db5e783,,registro,cadena
2025-07-01,MLG-3,0xe7d35f9248ea53943765928c0d9dc027a0129f28,66.2401344,6624.01,1.181,7822.96,EUR,inv_3487ad36,inv_3db5e783,,registro,cadena
2025-07-01,BKL-1,0xfb759e0cc5cff4aea606064acd41c71c7c11bf40,28.10643804,2384.33,1.181,2815.89,EUR,inv_3487ad36,inv_46967523,,registro,cadena
2025-07-01,MIA-1,0x2f1026ff5bd94232050364c81d61a2d15e147209,8.95579996,759.74,1.181,897.25,EUR,inv_3487ad36,inv_46967523,,registro,cadena
2025-07-01,JAX-3,0x9c09c8525c5baa3b254cb0a60d3565cfbd5c9f28,50.0,4241.6,1.181,5009.33,EUR,inv_3487ad36,inv_46967523,,registro,cadena
2025-07-01,SMA-2,0xca53dd67cfa553d9e31c377602fb217dff9eadff,50.0,4241.6,1.181,5009.33,EUR,inv_3487ad36,inv_46967523,,registro,cadena
2025-07-01,ATL-1,0x68f73061bdf369c2562f4c0ea4e940f362d1a97f,54.172,4595.52,1.181,5427.31,EUR,inv_3487ad36,inv_46967523,,registro,cadena
2025-07-01,SLA-2,0x8eeb57505999d3092c7b00ad5a5e53b943ad235d,4.20227973,356.49,1.181,421.01,EUR,inv_3487ad36,inv_46967523,,registro,cadena
2025-07-01,VLC-12,0x8a96bf9aa5812ce957aed1f554065b64a545c88a,4.10916993,348.59,1.181,411.68,EUR,inv_3487ad36,inv_46967523,,registro,cadena
2025-07-01,DXB-1,0xe59dde10d38df397c996bdb1325b6f81684a8b80,120.0,10179.84,1.181,12022.39,EUR,inv_7a04f164,inv_46967523,,registro,cadena
2025-07-01,VLC-2,0x95fb76dcf3bd83b3a9262a96194f29a9a7243f7a,34.97953197,3497.95,1.181,4131.08,EUR,inv_30830714,inv_3db5e783,,registro,texto (escala por precio)
2025-07-02,NPL-1,0x2d1838eb7ebb6ae8b1288872f9704e3400ee8b20,27.94452286,2370.59,1.1755,2786.63,EUR,inv_14e385da,inv_46967523,,registro,cadena
2025-07-02,DXB-1,0xe59dde10d38df397c996bdb1325b6f81684a8b80,53.09975724,4504.56,1.1755,5295.11,EUR,inv_3bc6c8fa,inv_46967523,,registro,cadena (lote repartido)
2025-07-02,DXB-1,0xe59dde10d38df397c996bdb1325b6f81684a8b80,50.16984962,4256.01,1.1755,5002.94,EUR,inv_b962944c,inv_46967523,,registro,cadena (lote repartido)
2025-07-03,BKL-1,0xfb759e0cc5cff4aea606064acd41c71c7c11bf40,16.49477,1649.48,1.1782,1943.42,EUR,inv_46967523,inv_be24eee0,,precio de emisión,cadena
2025-07-03,BKL-2,0xed923b814f1ea3d42c54dda55ba8edfaba994489,1.80038568,180.04,1.1782,212.12,EUR,inv_46967523,inv_be24eee0,,precio de emisión,cadena
2025-07-03,PAZ-1,0xf8657256c5cd5fdb044e55d1ec39e9b8c969dbf1,13.26724162,1326.72,1.1782,1563.14,EUR,inv_46967523,inv_be24eee0,,precio de emisión,cadena
2025-07-03,BPT-1,0x55cb210f496df649fd283aa93a360e24fdb40964,115.9958,9871.88,1.1782,11631.05,EUR,inv_a7ac98a6,inv_46967523,,registro,cadena
2025-07-04,BPT-1,0x55cb210f496df649fd283aa93a360e24fdb40964,115.9958,9999.64,1.1767,11766.58,EUR,inv_46967523,inv_804bcf69,,registro,cadena
2025-07-04,GRX-3,0x2a8bbc241849431e9cc7c4dbea9c05dfac2de553,65.31040459,6531.04,1.1767,7685.07,EUR,inv_46967523,inv_eea5f089,,precio de emisión,cadena
2025-07-04,VLC-12,0x8a96bf9aa5812ce957aed1f554065b64a545c88a,34.25347934,3425.35,1.1767,4030.61,EUR,inv_46967523,inv_9581f40e,,precio de emisión,cadena
2025-07-04,DXB-1,0xe59dde10d38df397c996bdb1325b6f81684a8b80,223.26960686,22326.96,1.1767,26272.13,EUR,inv_46967523,inv_8f14b345,,precio de emisión,cadena
2025-07-07,BKL-1,0xfb759e0cc5cff4aea606064acd41c71c7c11bf40,16.04999598,1367.41,1.1728,1603.7,EUR,inv_46967523,inv_d1e999d9,,registro,cadena
2025-07-08,BPT-1,0x55cb210f496df649fd283aa93a360e24fdb40964,294.82,25198.29,1.1718,29527.36,EUR,inv_a7ac98a6,inv_46967523,,registro,cadena
2025-07-08,BPT-1,0x55cb210f496df649fd283aa93a360e24fdb40964,294.82,25198.29,1.1718,29527.36,EUR,inv_46967523,inv_7ec6248c,,registro,cadena
2025-07-14,CLVM-1,0x6da0652a8481a774f5164612ab0ab18f105ad243,10.0,1000.0,1.169,1169.0,EUR,inv_3db5e783,inv_10605d8d,,registro,cadena
2025-07-14,VLC-6,0xb5a1a4f29b7376c091d6f4c7689be4b7cd5a6d98,0.62567552,62.57,1.169,73.14,EUR,inv_3db5e783,inv_10605d8d,,registro,cadena
2025-07-14,VLC-7,0xbaea3b53056d42c763d14bef94b39ada218c2dbd,10.22667721,1022.67,1.169,1195.5,EUR,inv_3db5e783,inv_10605d8d,,registro,cadena
2025-07-14,JAX-3,0x9c09c8525c5baa3b254cb0a60d3565cfbd5c9f28,34.295,2914.75,1.169,3407.34,EUR,inv_46967523,inv_10605d8d,,registro,cadena
2025-07-21,GRX-3,0x2a8bbc241849431e9cc7c4dbea9c05dfac2de553,100.0,10000.0,1.1667,11667.0,EUR,inv_c6270cc0,inv_3a29ffa9,,registro,cadena
2025-07-21,SMA-2,0xca53dd67cfa553d9e31c377602fb217dff9eadff,50.0,4273.5,1.1667,4985.89,EUR,inv_46967523,inv_3a29ffa9,,registro,cadena
2025-07-21,SLA-2,0x8eeb57505999d3092c7b00ad5a5e53b943ad235d,50.0,4273.5,1.1667,4985.89,EUR,inv_c6270cc0,inv_3a29ffa9,,registro,cadena
2025-07-21,SLA-2,0x8eeb57505999d3092c7b00ad5a5e53b943ad235d,4.20227973,359.17,1.1667,419.04,EUR,inv_46967523,inv_3a29ffa9,,registro,cadena
2025-07-23,MLG-3,0xe7d35f9248ea53943765928c0d9dc027a0129f28,20.0,2000.0,1.1726,2345.2,EUR,inv_3db5e783,inv_867c0b8c,,registro,cadena
2025-07-23,SHL-1,0x7aa21fabd73e8d3aa5d5c5994af6b62cfcea3fe4,20.0,2000.0,1.1726,2345.2,EUR,inv_3db5e783,inv_867c0b8c,,registro,cadena
2025-07-23,DXB-1,0xe59dde10d38df397c996bdb1325b6f81684a8b80,250.0,21349.27,1.1726,25034.15,EUR,inv_c6270cc0,inv_a9603d7a,,registro,cadena
2025-07-23,CDS-1,0x5ab768c8ca1cc20cb8ec7b90554a3b12524b6c47,150.00373252,17550.0,1.1726,20579.13,EUR,inv_13689dc6,inv_46967523,,registro,cadena
2025-07-28,BPT-1,0x55cb210f496df649fd283aa93a360e24fdb40964,12.0,1034.48,1.1654,1205.58,EUR,inv_a7ac98a6,inv_46967523,,registro,cadena
2025-07-29,BPT-1,0x55cb210f496df649fd283aa93a360e24fdb40964,12.0,1034.48,1.1533,1193.07,EUR,inv_46967523,inv_0b03d2e0,,registro,cadena
2025-07-29,CLVM-1,0x6da0652a8481a774f5164612ab0ab18f105ad243,79.76672984,7976.67,1.1533,9199.49,EUR,inv_3db5e783,inv_30830714,,registro,cadena
2025-07-29,MLG-3,0xe7d35f9248ea53943765928c0d9dc027a0129f28,46.2401344,4624.01,1.1533,5332.87,EUR,inv_3db5e783,inv_30830714,,registro,cadena
2025-07-30,MLG-4,0xf94ca4e007553917d1f80d013d2544ddfbed555c,10.0,1000.0,1.1527,1152.7,EUR,inv_3db5e783,inv_549dce94,,registro,cadena
2025-07-30,CDP-3,0x7469b9381bfa8a34bef9dfaad03d75f60947f957,17.3755,1737.55,1.1527,2002.87,EUR,inv_3db5e783,inv_549dce94,,registro,cadena
2025-07-30,JAX-3,0x9c09c8525c5baa3b254cb0a60d3565cfbd5c9f28,15.705,1359.74,1.1527,1567.37,EUR,inv_46967523,inv_549dce94,,registro,cadena
2025-07-30,HOU-2,0xe56ff2dff2c2e95511f0bef4b3d92da05e8197c0,5.1465,445.58,1.1527,513.62,EUR,inv_46967523,inv_549dce94,,registro,cadena
2025-07-30,HOU-2,0xe56ff2dff2c2e95511f0bef4b3d92da05e8197c0,21.0,1818.18,1.1527,2095.82,EUR,inv_c6270cc0,inv_549dce94,,registro,cadena
2025-07-30,ATL-1,0x68f73061bdf369c2562f4c0ea4e940f362d1a97f,42.0298,3638.94,1.1527,4194.61,EUR,inv_46967523,inv_549dce94,,registro,cadena
2025-07-30,BPT-1,0x55cb210f496df649fd283aa93a360e24fdb40964,136.0842,11731.4,1.1527,13522.78,EUR,inv_a7ac98a6,inv_46967523,,registro,cadena
2025-07-30,BPT-1,0x55cb210f496df649fd283aa93a360e24fdb40964,136.0842,11731.4,1.1527,13522.78,EUR,inv_46967523,inv_5e296693,,registro,cadena
2025-07-31,MLG-6,0xaca38d593f7775334fa1b84a865f19396f62f760,2.64475248,264.0,1.1446,302.17,EUR,inv_be24eee0,inv_3db5e783,,registro,cadena
2025-07-31,MLG-6,0xaca38d593f7775334fa1b84a865f19396f62f760,14.1537164,1415.37,1.1446,1620.03,EUR,inv_3db5e783,inv_af56e1e6,,registro,cadena
2025-07-31,MLG-1,0x5120d475fc24952f1a1575aacd8d6e5daf57bcf0,1.80582,180.58,1.1446,206.69,EUR,inv_b96f21af,inv_3db5e783,,registro,texto (escala por precio)
2025-08-04,IDX-1,0x1998bc7570ae301154e0c3017acbb200b87ad1af,17.27700109,1727.7,1.1565,1998.09,EUR,inv_14e385da,inv_46967523,,registro,cadena
2025-08-04,VLC-12,0x8a96bf9aa5812ce957aed1f554065b64a545c88a,34.97953197,3497.95,1.1565,4045.38,EUR,inv_3db5e783,inv_9581f40e,,precio de emisión,cadena
2025-08-08,VLC-12,0x8a96bf9aa5812ce957aed1f554065b64a545c88a,30.0,3000.0,1.1648,3494.4,EUR,inv_0954bf2d,inv_46967523,,registro,cadena
2025-08-08,DNB-1,0x21ae95a56ef471370ce89a7a4624117f31810927,124.78869842,10757.65,1.1648,12530.51,EUR,inv_b40f7d1a,inv_46967523,,registro,cadena
2025-08-14,MIA-1,0x2f1026ff5bd94232050364c81d61a2d15e147209,3.0,257.64,1.169,301.18,EUR,inv_f9b60155,inv_46967523,,registro,cadena
2025-08-14,SMA-2,0xca53dd67cfa553d9e31c377602fb217dff9eadff,13.03227135,1119.23,1.169,1308.38,EUR,inv_f9b60155,inv_46967523,,registro,cadena
2025-08-18,MAD-2,0x364b1709fdf909c431a31284d7e1858a7401a0c7,22.43786256,2243.79,1.1673,2619.18,EUR,inv_77adf1bd,inv_3db5e783,,registro,cadena
2025-08-21,DNB-1,0x21ae95a56ef471370ce89a7a4624117f31810927,0.49999939,50.0,1.1639,58.19,EUR,inv_7dddd915,inv_3db5e783,,precio de emisión,cadena
2025-08-28,NPL-1,0x2d1838eb7ebb6ae8b1288872f9704e3400ee8b20,269.0,23177.67,1.1676,27062.25,EUR,inv_c6270cc0,inv_c58f5df4,,registro,cadena
2025-08-28,NPL-1,0x2d1838eb7ebb6ae8b1288872f9704e3400ee8b20,27.94452286,2407.77,1.1676,2811.31,EUR,inv_46967523,inv_c58f5df4,,registro,cadena
2025-08-28,SLA-2,0x8eeb57505999d3092c7b00ad5a5e53b943ad235d,40.83499401,3643.58,1.1676,4254.24,EUR,inv_be24eee0,inv_46967523,,registro,cadena
2025-08-28,SLA-2,0x8eeb57505999d3092c7b00ad5a5e53b943ad235d,40.83499401,3643.58,1.1676,4254.24,EUR,inv_46967523,inv_60dcb8f6,,registro,cadena
2025-08-28,GRX-3,0x2a8bbc241849431e9cc7c4dbea9c05dfac2de553,100.0,10000.0,1.1676,11676.0,EUR,inv_c6270cc0,inv_60dcb8f6,,registro,cadena
2025-08-28,VLC-12,0x8a96bf9aa5812ce957aed1f554065b64a545c88a,30.0,3000.0,1.1676,3502.8,EUR,inv_46967523,inv_60dcb8f6,,registro,cadena
2025-08-02,CLVM-2,0xfd0ea97747f7b1a53ec59ef5001616cde3aead3e,6.9744403,697.44,1.1404,795.36,EUR,inv_3db5e783,inv_27e145e9,,registro,cadena
2025-08-02,ATL-1,0x68f73061bdf369c2562f4c0ea4e940f362d1a97f,12.1422,1049.09,1.1404,1196.38,EUR,inv_46967523,inv_27e145e9,,registro,cadena
2025-08-02,IDX-1,0x1998bc7570ae301154e0c3017acbb200b87ad1af,53.73230765,4642.5,1.1404,5294.31,EUR,inv_46967523,inv_27e145e9,,registro,cadena
2025-08-02,GRX-3,0x2a8bbc241849431e9cc7c4dbea9c05dfac2de553,20.0,2000.0,1.1404,2280.8,EUR,inv_c6270cc0,inv_27e145e9,,registro,cadena
2025-08-02,DNB-1,0x21ae95a56ef471370ce89a7a4624117f31810927,49.99993881,4999.99,1.1404,5701.99,EUR,inv_3db5e783,inv_46967523,,precio de emisión,texto (escala asumida)
2025-08-04,RDO-3,0x820380fea111509a38297fa2971eee5b41a5aeca,5.54282581,514.45,1.1565,594.96,EUR,inv_ecc83925,inv_46967523,,registro,cadena
2025-08-04,RDO-5,0xdecfebdaf1131899fb38a53dc63671246220ab7a,5.4068,497.23,1.1565,575.05,EUR,inv_ecc83925,inv_46967523,,registro,cadena
2025-08-04,BPT-1,0x55cb210f496df649fd283aa93a360e24fdb40964,17.56067377,1569.66,1.1565,1815.31,EUR,inv_ecc83925,inv_46967523,,registro,cadena
2025-08-04,CDS-1,0x5ab768c8ca1cc20cb8ec7b90554a3b12524b6c47,50.0,5969.0,1.1565,6903.15,EUR,inv_ecc83925,inv_46967523,,registro,cadena
2025-08-04,YCT-1,0xaaad2db2f624dc5a350d579d834b5fe12b2bcd8d,43.268,3830.34,1.1565,4429.79,EUR,inv_ecc83925,inv_46967523,,registro,cadena
2025-08-04,TLM-2,0x3b7455335fc7c3839167ed8fc173405908ffdf15,2.5,250.0,1.1565,289.12,EUR,inv_ecc83925,inv_3db5e783,,registro,cadena
2025-09-10,PRO-100,0xcc4c1ce8d335bd40a0acf17b9ab08c030cc299aa,22.42235458,1916.44,1.1707,2243.58,EUR,inv_14e385da,inv_46967523,,registro,cadena
2025-09-15,PRO-100,0xcc4c1ce8d335bd40a0acf17b9ab08c030cc299aa,35.3737438,2997.77,1.1766,3527.18,EUR,inv_be24eee0,inv_46967523,,registro,cadena
2025-09-18,PRO-100,0xcc4c1ce8d335bd40a0acf17b9ab08c030cc299aa,712.49757929,60222.94,1.1818,71171.47,EUR,inv_5a4e94a6,inv_46967523,,registro,cadena
2025-09-22,GRX-3,0x2a8bbc241849431e9cc7c4dbea9c05dfac2de553,10.0,1000.0,1.1781,1178.1,EUR,inv_c6270cc0,inv_092b5098,,registro,cadena
2025-09-22,DNB-1,0x21ae95a56ef471370ce89a7a4624117f31810927,50.0,4273.5,1.1781,5034.61,EUR,inv_46967523,inv_220d2b35,,registro,cadena
2025-09-22,DNB-1,0x21ae95a56ef471370ce89a7a4624117f31810927,25.0,2120.62,1.1781,2498.3,EUR,inv_46967523,inv_bc442ad3,,registro,cadena
2025-09-22,DXB-1,0xe59dde10d38df397c996bdb1325b6f81684a8b80,3.0,254.47,1.1781,299.79,EUR,inv_c6270cc0,inv_bc442ad3,,registro,cadena
2025-09-22,GRX-3,0x2a8bbc241849431e9cc7c4dbea9c05dfac2de553,18.66141836,1866.14,1.1781,2198.5,EUR,inv_c6270cc0,inv_bc442ad3,,registro,cadena
2025-09-22,DXB-1,0xe59dde10d38df397c996bdb1325b6f81684a8b80,30.73,2606.67,1.1781,3070.92,EUR,inv_c6270cc0,inv_fc7feb34,,registro,cadena
2025-09-22,GRX-3,0x2a8bbc241849431e9cc7c4dbea9c05dfac2de553,3.9333,393.33,1.1781,463.38,EUR,inv_c6270cc0,inv_fc7feb34,,registro,cadena
2025-09-22,DNB-1,0x21ae95a56ef471370ce89a7a4624117f31810927,11.789,1000.0,1.1781,1178.1,EUR,inv_46967523,inv_7857adf9,,registro,cadena
2025-09-22,DNB-1,0x21ae95a56ef471370ce89a7a4624117f31810927,23.578,2000.0,1.1781,2356.2,EUR,inv_46967523,inv_e1fc25e0,,registro,cadena
2025-09-22,GRX-3,0x2a8bbc241849431e9cc7c4dbea9c05dfac2de553,20.0,2000.0,1.1781,2356.2,EUR,inv_c6270cc0,inv_e1fc25e0,,registro,cadena
2025-09-22,DNB-1,0x21ae95a56ef471370ce89a7a4624117f31810927,11.745,1000.0,1.1781,1178.1,EUR,inv_46967523,inv_77adf517,,registro,cadena
2025-09-22,GRX-3,0x2a8bbc241849431e9cc7c4dbea9c05dfac2de553,10.0,1000.0,1.1781,1178.1,EUR,inv_c6270cc0,inv_77adf517,,registro,cadena
2025-09-23,HOU-3,0xe16901dad396fe7b1b77b6d2bd91b2d648e8a762,11.7618,1001.0,1.1793,1180.48,EUR,inv_322ed70b,inv_46967523,,registro,cadena
2025-09-23,HOU-3,0xe16901dad396fe7b1b77b6d2bd91b2d648e8a762,11.7618,1001.0,1.1793,1180.48,EUR,inv_46967523,inv_840bdb5c,,registro,cadena
2025-09-23,CDS-1,0x5ab768c8ca1cc20cb8ec7b90554a3b12524b6c47,81.0,9720.0,1.1793,11462.8,EUR,inv_190c7331,inv_46967523,,registro,cadena
2025-09-23,CDS-1,0x5ab768c8ca1cc20cb8ec7b90554a3b12524b6c47,1.0,120.0,1.1793,141.52,EUR,inv_190c7331,inv_46967523,,registro,cadena
2025-09-24,CDS-1,0x5ab768c8ca1cc20cb8ec7b90554a3b12524b6c47,111.56635051,13387.96,1.1756,15738.89,EUR,inv_190c7331,inv_46967523,,registro,cadena
2025-09-24,CDS-1,0x5ab768c8ca1cc20cb8ec7b90554a3b12524b6c47,500.0,60000.0,1.1756,70536.0,EUR,inv_f59ac820,inv_46967523,,registro,cadena
2025-09-26,GRX-3,0x2a8bbc241849431e9cc7c4dbea9c05dfac2de553,14.35413638,1435.41,1.1672,1675.41,EUR,inv_3db5e783,inv_60dcb8f6,,registro,cadena
2025-09-26,GRX-3,0x2a8bbc241849431e9cc7c4dbea9c05dfac2de553,5.64586362,564.59,1.1672,658.99,EUR,inv_c6270cc0,inv_60dcb8f6,,registro,cadena
2025-10-02,HOU-3,0xe16901dad396fe7b1b77b6d2bd91b2d648e8a762,100.0,8521.45,1.1754,10016.11,EUR,inv_46967523,inv_ecd75676,,registro,cadena
2025-10-02,ATL-1,0x68f73061bdf369c2562f4c0ea4e940f362d1a97f,100.0,8521.45,1.1754,10016.11,EUR,inv_46967523,inv_ecd75676,,registro,cadena
2025-10-02,BPT-1,0x55cb210f496df649fd283aa93a360e24fdb40964,17.56067377,1496.42,1.1754,1758.89,EUR,inv_46967523,inv_ecd75676,,registro,cadena
2025-10-02,GRX-3,0x2a8bbc241849431e9cc7c4dbea9c05dfac2de553,21.75941802,2175.94,1.1754,2557.6,EUR,inv_c6270cc0,inv_ecd75676,,registro,cadena
2025-10-02,PRO-100,0xcc4c1ce8d335bd40a0acf17b9ab08c030cc299aa,343.659,29284.73,1.1754,34421.27,EUR,inv_46967523,inv_ecd75676,,registro,cadena
2025-10-07,PRO-100,0xcc4c1ce8d335bd40a0acf17b9ab08c030cc299aa,0.98389268,84.09,1.1666,98.1,EUR,inv_46967523,inv_38f5d3d9,,registro,cadena (lote repartido)
2025-10-07,PRO-100,0xcc4c1ce8d335bd40a0acf17b9ab08c030cc299aa,0.99992232,85.46,1.1666,99.7,EUR,inv_46967523,inv_38f5d3d9,,registro,cadena (lote repartido)
2025-10-08,IDX-1,0x1998bc7570ae301154e0c3017acbb200b87ad1af,200.0,17094.02,1.1627,19875.22,EUR,inv_46967523,inv_9c382434,,registro,cadena
2025-10-10,PRO-100,0xcc4c1ce8d335bd40a0acf17b9ab08c030cc299aa,99.9982,8620.53,1.1568,9972.23,EUR,inv_46967523,inv_38f5d3d9,,registro,cadena
2025-10-10,PRO-100,0xcc4c1ce8d335bd40a0acf17b9ab08c030cc299aa,232.162,20013.97,1.1568,23152.16,EUR,inv_46967523,inv_14e385da,,registro,cadena
2025-10-15,YCT-1,0xaaad2db2f624dc5a350d579d834b5fe12b2bcd8d,43.268,3841.9,1.1622,4465.06,EUR,inv_46967523,inv_322ed70b,,registro,cadena
2025-10-27,JAX-1,0x8711b4172ed71d2d4f90e3e2f0cb63726acba8e6,23.27,2059.65,1.164,2397.43,EUR,inv_00353004,inv_46967523,,registro,cadena
2025-10-27,JAX-2,0xad3e1f50590ef6f323caa0cf43f39d28d1d34144,23.27,2059.65,1.164,2397.43,EUR,inv_00353004,inv_46967523,,registro,cadena
2025-10-27,JAX-3,0x9c09c8525c5baa3b254cb0a60d3565cfbd5c9f28,21.9564,1943.38,1.164,2262.09,EUR,inv_00353004,inv_46967523,,registro,cadena
2025-10-27,DNB-1,0x21ae95a56ef471370ce89a7a4624117f31810927,6.28386007,539.99,1.164,628.55,EUR,inv_c6270cc0,inv_bc442ad3,,registro,cadena
2025-10-27,DNB-1,0x21ae95a56ef471370ce89a7a4624117f31810927,1.21613993,104.51,1.164,121.65,EUR,inv_46967523,inv_bc442ad3,,registro,cadena
2025-10-27,GRX-2,0x8833890a36adb704bfc8bf3726a661395d27c0d7,14.91054761,1491.05,1.164,1735.58,EUR,inv_c6270cc0,inv_bc442ad3,,registro,cadena
2025-10-27,GRX-2,0x8833890a36adb704bfc8bf3726a661395d27c0d7,4.6025202,460.25,1.164,535.73,EUR,inv_3db5e783,inv_bc442ad3,,registro,cadena
2025-10-27,JAX-3,0x9c09c8525c5baa3b254cb0a60d3565cfbd5c9f28,21.9564,1886.77,1.164,2196.2,EUR,inv_46967523,inv_bc442ad3,,registro,cadena
2025-10-27,RDO-3,0x820380fea111509a38297fa2971eee5b41a5aeca,5.54282581,514.42,1.164,598.78,EUR,inv_46967523,inv_bc442ad3,,registro,cadena
2025-10-27,GRX-3,0x2a8bbc241849431e9cc7c4dbea9c05dfac2de553,10.0,1000.0,1.164,1164.0,EUR,inv_46967523,inv_49f8251b,,registro,cadena
2025-10-27,JAX-1,0x8711b4172ed71d2d4f90e3e2f0cb63726acba8e6,23.27,1999.66,1.164,2327.6,EUR,inv_c6270cc0,inv_e1fc25e0,,registro,cadena
2025-10-27,SLA-2,0x8eeb57505999d3092c7b00ad5a5e53b943ad235d,50.0,4296.64,1.164,5001.29,EUR,inv_ebacd7d1,inv_46967523,,registro,cadena
2025-10-27,SLA-2,0x8eeb57505999d3092c7b00ad5a5e53b943ad235d,50.0,4296.64,1.164,5001.29,EUR,inv_46967523,inv_190c7331,,registro,cadena
2025-10-27,YCT-2,0xa0d99b441a9a5e334b234f31a92b97fa8d663626,108.429,9310.41,1.164,10837.32,EUR,inv_c6270cc0,inv_fb2d095b,,registro,cadena
2025-10-29,CDS-1,0x5ab768c8ca1cc20cb8ec7b90554a3b12524b6c47,100.0,11000.0,1.1636,12799.6,EUR,inv_94c99fde,inv_3db5e783,,registro,cadena
2025-10-29,CDS-1,0x5ab768c8ca1cc20cb8ec7b90554a3b12524b6c47,100.0,11000.0,1.1636,12799.6,EUR,inv_3db5e783,inv_ac30f782,,registro,cadena
2025-10-30,YCT-1,0xaaad2db2f624dc5a350d579d834b5fe12b2bcd8d,37.1451967,3202.17,1.155,3698.51,EUR,inv_c6270cc0,inv_d1e999d9,,registro,cadena
2025-10-30,PRO-100,0xcc4c1ce8d335bd40a0acf17b9ab08c030cc299aa,50.0048033,4310.76,1.155,4978.93,EUR,inv_46967523,inv_d1e999d9,,registro,cadena
2025-10-30,YCT-2,0xa0d99b441a9a5e334b234f31a92b97fa8d663626,30.00000351,2587.77,1.155,2988.87,EUR,inv_c6270cc0,inv_867c0b8c,,registro,cadena
2025-10-30,HOU-2,0xe56ff2dff2c2e95511f0bef4b3d92da05e8197c0,200.0,17241.38,1.155,19913.79,EUR,inv_b962944c,inv_46967523,,registro,cadena
2025-10-30,DXB-1,0xe59dde10d38df397c996bdb1325b6f81684a8b80,27.01257556,2417.16,1.155,2791.82,EUR,inv_5d4d8114,inv_46967523,,registro,cadena
2025-10-30,DXB-1,0xe59dde10d38df397c996bdb1325b6f81684a8b80,22.98742445,2021.31,1.155,2334.61,EUR,inv_c6270cc0,inv_20de698c,,registro,cadena
2025-10-30,PRO-100,0xcc4c1ce8d335bd40a0acf17b9ab08c030cc299aa,28.03905343,2417.16,1.155,2791.82,EUR,inv_46967523,inv_5d4d8114,,registro,cadena
2025-10-30,DXB-1,0xe59dde10d38df397c996bdb1325b6f81684a8b80,22.98742444,2056.98,1.155,2375.81,EUR,inv_5d4d8114,inv_46967523,,registro,cadena
2025-10-30,HOU-2,0xe56ff2dff2c2e95511f0bef4b3d92da05e8197c0,200.0,17205.04,1.155,19871.82,EUR,inv_46967523,inv_39a9a9ad,,registro,cadena
2025-10-30,BKL-3,0x70e77c5f094534505d6a42f913d3a387e6db0842,54.32604744,4673.41,1.155,5397.79,EUR,inv_c6270cc0,inv_39a9a9ad,,registro,cadena
2025-10-30,DXB-1,0xe59dde10d38df397c996bdb1325b6f81684a8b80,50.0,4451.8,1.155,5141.83,EUR,inv_46967523,inv_39a9a9ad,,registro,cadena
2025-10-30,PRO-100,0xcc4c1ce8d335bd40a0acf17b9ab08c030cc299aa,14.44680593,1245.41,1.155,1438.45,EUR,inv_46967523,inv_5d4d8114,,registro,cadena
2025-11-01,YCT-1,0xaaad2db2f624dc5a350d579d834b5fe12b2bcd8d,50.0,4304.78,1.1554,4973.74,EUR,inv_c6270cc0,inv_79300cfb,,registro,cadena
